Title,Start Time,Start Date,End Time,End Date,Description
Networking Event,18:39:00,2024-07-18,21:39:00,2024-07-18,Participate in the annual company conference.
Annual Conference,11:52:55,2024-02-23,12:52:55,2024-02-23,Engage in team-building activities.
Meeting with Team,10:06:52,2024-04-23,12:06:52,2024-04-23,Training on new software and tools.
Product Launch,09:16:00,2024-02-17,12:16:00,2024-02-17,Participate in the annual company conference.
Workshop,11:02:34,2024-01-04,14:02:34,2024-01-04,Discuss strategic initiatives and business plans.
Annual Conference,01:46:33,2024-07-26,04:46:33,2024-07-26,Final submission of project deliverables.
Team Building Activity,03:41:17,2024-01-12,07:41:17,2024-01-12,Launch the new product in the market.
Meeting with Team,06:45:43,2024-02-03,10:45:43,2024-02-03,Engage in team-building activities.
Product Launch,03:30:46,2024-10-24,05:30:46,2024-10-24,Launch the new product in the market.
Annual Conference,21:40:29,2024-10-23,23:40:29,2024-10-23,Engage in team-building activities.
Product Launch,15:23:29,2024-02-25,16:23:29,2024-02-25,Final submission of project deliverables.
Workshop,01:54:17,2024-11-16,05:54:17,2024-11-16,Presenting project updates to the client.
Meeting with Team,16:59:23,2024-07-03,19:59:23,2024-07-03,Final submission of project deliverables.
Annual Conference,02:58:18,2024-05-25,05:58:18,2024-05-25,Discuss strategic initiatives and business plans.
Board Meeting,19:50:14,2024-08-23,23:50:14,2024-08-23,Discuss strategic initiatives and business plans.
Client Presentation,03:37:40,2024-08-19,05:37:40,2024-08-19,Launch the new product in the market.
Networking Event,15:14:52,2024-01-22,19:14:52,2024-01-22,Final submission of project deliverables.
Product Launch,16:15:56,2024-05-20,17:15:56,2024-05-20,Launch the new product in the market.
Board Meeting,18:07:58,2024-04-09,22:07:58,2024-04-09,Discuss strategic initiatives and business plans.
Client Presentation,09:51:28,2024-05-17,13:51:28,2024-05-17,Engage in team-building activities.
Networking Event,00:45:40,2024-12-06,03:45:40,2024-12-06,Discuss strategic initiatives and business plans.
Annual Conference,10:48:25,2024-12-26,13:48:25,2024-12-26,Engage in team-building activities.
Networking Event,23:38:04,2024-01-03,02:38:04,2024-01-04,Attend the workshop on new technologies.
Workshop,13:03:46,2024-03-28,15:03:46,2024-03-28,Participate in the annual company conference.
Project Deadline,07:41:15,2024-08-05,11:41:15,2024-08-05,Final submission of project deliverables.
Project Deadline,08:13:58,2024-04-23,09:13:58,2024-04-23,Participate in the annual company conference.
Annual Conference,20:52:05,2024-12-14,23:52:05,2024-12-14,Engage in team-building activities.
Meeting with Team,19:03:27,2024-06-24,21:03:27,2024-06-24,Discuss project updates and assign new tasks.
Training Session,03:13:38,2024-01-18,07:13:38,2024-01-18,Discuss project updates and assign new tasks.
Board Meeting,19:49:19,2024-11-06,21:49:19,2024-11-06,Training on new software and tools.
Training Session,01:39:55,2024-02-20,03:39:55,2024-02-20,Engage in team-building activities.
Project Deadline,01:24:25,2024-04-15,05:24:25,2024-04-15,Launch the new product in the market.
Product Launch,01:06:10,2024-08-04,04:06:10,2024-08-04,Network with industry professionals.
Board Meeting,11:52:24,2024-04-27,15:52:24,2024-04-27,Attend the workshop on new technologies.
Networking Event,00:22:17,2024-10-17,01:22:17,2024-10-17,Engage in team-building activities.
Networking Event,09:00:01,2024-05-15,12:00:01,2024-05-15,Launch the new product in the market.
Board Meeting,01:10:46,2024-07-05,04:10:46,2024-07-05,Launch the new product in the market.
Client Presentation,00:52:41,2024-06-17,02:52:41,2024-06-17,Attend the workshop on new technologies.
Board Meeting,19:45:03,2024-03-24,20:45:03,2024-03-24,Attend the workshop on new technologies.
Training Session,03:11:37,2024-09-29,05:11:37,2024-09-29,Training on new software and tools.
Client Presentation,10:57:33,2024-04-28,11:57:33,2024-04-28,Engage in team-building activities.
Board Meeting,16:59:01,2024-06-18,19:59:01,2024-06-18,Discuss project updates and assign new tasks.
Annual Conference,21:34:31,2024-09-07,00:34:31,2024-09-08,Attend the workshop on new technologies.
Training Session,14:26:09,2024-12-01,17:26:09,2024-12-01,Participate in the annual company conference.
Project Deadline,13:04:53,2024-10-06,16:04:53,2024-10-06,Attend the workshop on new technologies.
Training Session,16:09:09,2024-02-09,20:09:09,2024-02-09,Participate in the annual company conference.
Board Meeting,13:00:16,2024-07-21,17:00:16,2024-07-21,Engage in team-building activities.
Annual Conference,00:51:32,2024-06-26,04:51:32,2024-06-26,Attend the workshop on new technologies.
Annual Conference,19:31:03,2024-03-16,22:31:03,2024-03-16,Network with industry professionals.
Meeting with Team,00:29:31,2024-09-25,01:29:31,2024-09-25,Attend the workshop on new technologies.
Meeting with Team,17:43:23,2024-03-29,18:43:23,2024-03-29,Presenting project updates to the client.
Meeting with Team,20:06:00,2024-10-17,00:06:00,2024-10-18,Launch the new product in the market.
Team Building Activity,18:04:18,2024-06-26,20:04:18,2024-06-26,Final submission of project deliverables.
Board Meeting,10:03:51,2024-08-30,14:03:51,2024-08-30,Presenting project updates to the client.
Annual Conference,17:14:15,2024-08-04,19:14:15,2024-08-04,Presenting project updates to the client.
Product Launch,02:47:42,2024-06-22,06:47:42,2024-06-22,Discuss project updates and assign new tasks.
Annual Conference,18:45:46,2024-05-21,21:45:46,2024-05-21,Participate in the annual company conference.
Training Session,10:39:46,2024-05-22,11:39:46,2024-05-22,Engage in team-building activities.
Board Meeting,11:53:38,2024-09-17,14:53:38,2024-09-17,Discuss strategic initiatives and business plans.
Client Presentation,17:38:43,2024-05-08,18:38:43,2024-05-08,Presenting project updates to the client.
Annual Conference,23:31:34,2024-03-22,03:31:34,2024-03-23,Attend the workshop on new technologies.
Annual Conference,14:20:16,2024-05-10,17:20:16,2024-05-10,Final submission of project deliverables.
Annual Conference,06:50:16,2024-09-07,10:50:16,2024-09-07,Attend the workshop on new technologies.
Product Launch,08:12:51,2024-03-30,10:12:51,2024-03-30,Training on new software and tools.
Board Meeting,16:02:06,2024-08-29,18:02:06,2024-08-29,Attend the workshop on new technologies.
Annual Conference,23:09:49,2024-05-07,02:09:49,2024-05-08,Launch the new product in the market.
Training Session,01:14:30,2024-09-17,04:14:30,2024-09-17,Discuss project updates and assign new tasks.
Team Building Activity,21:22:26,2024-06-12,23:22:26,2024-06-12,Participate in the annual company conference.
Team Building Activity,19:12:14,2024-04-27,22:12:14,2024-04-27,Presenting project updates to the client.
Project Deadline,10:26:13,2024-02-05,12:26:13,2024-02-05,Network with industry professionals.
Workshop,22:45:21,2024-07-27,00:45:21,2024-07-28,Discuss strategic initiatives and business plans.
Workshop,00:18:45,2024-06-20,03:18:45,2024-06-20,Launch the new product in the market.
Project Deadline,09:58:59,2024-03-11,12:58:59,2024-03-11,Training on new software and tools.
Client Presentation,02:24:32,2024-04-04,06:24:32,2024-04-04,Final submission of project deliverables.
Annual Conference,18:57:09,2024-06-22,22:57:09,2024-06-22,Discuss project updates and assign new tasks.
Board Meeting,14:40:29,2024-06-14,15:40:29,2024-06-14,Training on new software and tools.
Board Meeting,17:35:33,2024-11-13,19:35:33,2024-11-13,Final submission of project deliverables.
Project Deadline,21:40:20,2024-08-13,22:40:20,2024-08-13,Participate in the annual company conference.
Product Launch,05:45:33,2024-01-30,08:45:33,2024-01-30,Discuss strategic initiatives and business plans.
Team Building Activity,15:20:56,2024-10-17,18:20:56,2024-10-17,Training on new software and tools.
Networking Event,15:05:17,2024-05-07,17:05:17,2024-05-07,Final submission of project deliverables.
Networking Event,03:43:43,2024-09-02,05:43:43,2024-09-02,Discuss project updates and assign new tasks.
Product Launch,08:14:25,2024-11-23,12:14:25,2024-11-23,Network with industry professionals.
Board Meeting,00:50:35,2024-04-25,03:50:35,2024-04-25,Discuss strategic initiatives and business plans.
Project Deadline,02:54:08,2024-01-17,05:54:08,2024-01-17,Discuss project updates and assign new tasks.
Networking Event,22:42:02,2024-12-20,01:42:02,2024-12-21,Discuss strategic initiatives and business plans.
Networking Event,17:37:49,2024-12-14,20:37:49,2024-12-14,Network with industry professionals.
Client Presentation,11:46:48,2024-11-15,14:46:48,2024-11-15,Final submission of project deliverables.
Workshop,22:50:55,2024-08-31,02:50:55,2024-09-01,Engage in team-building activities.
Project Deadline,23:03:21,2024-09-05,00:03:21,2024-09-06,Training on new software and tools.
Workshop,15:46:44,2024-09-11,17:46:44,2024-09-11,Training on new software and tools.
Team Building Activity,07:25:08,2024-05-16,09:25:08,2024-05-16,Engage in team-building activities.
Team Building Activity,10:00:49,2024-12-26,13:00:49,2024-12-26,Discuss strategic initiatives and business plans.
Project Deadline,12:41:48,2024-01-28,13:41:48,2024-01-28,Discuss project updates and assign new tasks.
Project Deadline,19:13:48,2024-08-05,20:13:48,2024-08-05,Discuss project updates and assign new tasks.
Project Deadline,15:13:10,2024-11-12,17:13:10,2024-11-12,Engage in team-building activities.
Meeting with Team,01:15:10,2024-05-12,04:15:10,2024-05-12,Participate in the annual company conference.
Board Meeting,12:37:05,2024-01-13,15:37:05,2024-01-13,Discuss strategic initiatives and business plans.
Networking Event,00:46:00,2024-02-23,03:46:00,2024-02-23,Presenting project updates to the client.
Training Session,05:59:40,2024-05-26,09:59:40,2024-05-26,Participate in the annual company conference.
Team Building Activity,12:46:15,2024-06-30,15:46:15,2024-06-30,Presenting project updates to the client.
Project Deadline,20:56:34,2024-02-08,21:56:34,2024-02-08,Presenting project updates to the client.
Product Launch,04:10:38,2024-02-09,06:10:38,2024-02-09,Network with industry professionals.
Project Deadline,03:00:41,2024-08-09,04:00:41,2024-08-09,Engage in team-building activities.
Project Deadline,09:25:20,2024-01-04,11:25:20,2024-01-04,Attend the workshop on new technologies.
Project Deadline,13:31:59,2024-01-26,14:31:59,2024-01-26,Launch the new product in the market.
Product Launch,08:10:46,2024-06-11,12:10:46,2024-06-11,Final submission of project deliverables.
Project Deadline,12:12:29,2024-11-21,13:12:29,2024-11-21,Final submission of project deliverables.
Project Deadline,03:44:49,2024-04-03,06:44:49,2024-04-03,Discuss project updates and assign new tasks.
Annual Conference,19:40:18,2024-02-21,23:40:18,2024-02-21,Participate in the annual company conference.
Annual Conference,14:33:04,2024-11-24,16:33:04,2024-11-24,Attend the workshop on new technologies.
Annual Conference,12:00:11,2024-11-12,15:00:11,2024-11-12,Discuss strategic initiatives and business plans.
Networking Event,06:15:42,2024-11-08,07:15:42,2024-11-08,Training on new software and tools.
Board Meeting,04:47:59,2024-12-30,06:47:59,2024-12-30,Engage in team-building activities.
Training Session,16:49:21,2024-07-22,18:49:21,2024-07-22,Training on new software and tools.
Team Building Activity,08:45:38,2024-12-18,11:45:38,2024-12-18,Discuss strategic initiatives and business plans.
Training Session,05:52:29,2024-08-15,07:52:29,2024-08-15,Presenting project updates to the client.
Client Presentation,13:11:45,2024-02-08,15:11:45,2024-02-08,Discuss project updates and assign new tasks.
Annual Conference,01:23:43,2024-08-14,04:23:43,2024-08-14,Discuss strategic initiatives and business plans.
Annual Conference,03:05:31,2024-02-03,05:05:31,2024-02-03,Final submission of project deliverables.
Team Building Activity,01:35:33,2024-12-05,02:35:33,2024-12-05,Training on new software and tools.
Product Launch,20:09:14,2024-01-28,23:09:14,2024-01-28,Participate in the annual company conference.
Meeting with Team,17:58:10,2024-03-06,19:58:10,2024-03-06,Discuss project updates and assign new tasks.
Training Session,12:38:21,2024-08-28,14:38:21,2024-08-28,Attend the workshop on new technologies.
Board Meeting,17:31:57,2024-04-01,20:31:57,2024-04-01,Launch the new product in the market.
Networking Event,00:45:50,2024-01-28,04:45:50,2024-01-28,Participate in the annual company conference.
Board Meeting,23:33:19,2024-06-02,02:33:19,2024-06-03,Launch the new product in the market.
Team Building Activity,07:21:44,2024-10-28,08:21:44,2024-10-28,Presenting project updates to the client.
Client Presentation,19:47:37,2024-10-28,22:47:37,2024-10-28,Participate in the annual company conference.
Team Building Activity,04:39:52,2024-03-30,08:39:52,2024-03-30,Participate in the annual company conference.
Client Presentation,13:15:15,2024-05-15,15:15:15,2024-05-15,Participate in the annual company conference.
Team Building Activity,17:15:54,2024-12-17,19:15:54,2024-12-17,Attend the workshop on new technologies.
Meeting with Team,19:04:32,2024-03-04,22:04:32,2024-03-04,Launch the new product in the market.
Client Presentation,19:11:55,2024-06-23,21:11:55,2024-06-23,Training on new software and tools.
Networking Event,22:28:24,2024-01-08,00:28:24,2024-01-09,Launch the new product in the market.
Workshop,05:07:29,2024-12-25,09:07:29,2024-12-25,Presenting project updates to the client.
Workshop,15:58:42,2024-06-02,19:58:42,2024-06-02,Engage in team-building activities.
Board Meeting,02:13:16,2024-06-20,04:13:16,2024-06-20,Discuss strategic initiatives and business plans.
Project Deadline,18:32:48,2024-05-08,19:32:48,2024-05-08,Launch the new product in the market.
Product Launch,19:27:30,2024-07-31,21:27:30,2024-07-31,Participate in the annual company conference.
Networking Event,01:03:49,2024-05-15,04:03:49,2024-05-15,Discuss strategic initiatives and business plans.
Workshop,05:36:42,2024-04-08,09:36:42,2024-04-08,Discuss project updates and assign new tasks.
Meeting with Team,00:42:04,2024-09-14,02:42:04,2024-09-14,Discuss strategic initiatives and business plans.
Team Building Activity,10:06:17,2024-03-26,14:06:17,2024-03-26,Engage in team-building activities.
Team Building Activity,04:03:41,2024-08-11,08:03:41,2024-08-11,Training on new software and tools.
Training Session,18:23:27,2024-03-10,19:23:27,2024-03-10,Engage in team-building activities.
Project Deadline,20:38:09,2024-02-25,00:38:09,2024-02-26,Engage in team-building activities.
Training Session,06:52:07,2024-12-01,10:52:07,2024-12-01,Launch the new product in the market.
Product Launch,23:31:04,2024-01-16,01:31:04,2024-01-17,Launch the new product in the market.
Meeting with Team,13:21:00,2024-11-03,16:21:00,2024-11-03,Network with industry professionals.
Annual Conference,19:46:42,2024-09-19,22:46:42,2024-09-19,Launch the new product in the market.
Project Deadline,10:38:07,2024-02-22,12:38:07,2024-02-22,Training on new software and tools.
Board Meeting,05:04:04,2024-10-27,07:04:04,2024-10-27,Presenting project updates to the client.
Board Meeting,01:08:38,2024-07-27,04:08:38,2024-07-27,Final submission of project deliverables.
Meeting with Team,09:03:41,2024-09-28,11:03:41,2024-09-28,Discuss project updates and assign new tasks.
Workshop,21:17:58,2024-03-25,22:17:58,2024-03-25,Training on new software and tools.
Meeting with Team,04:10:22,2024-12-30,05:10:22,2024-12-30,Attend the workshop on new technologies.
Meeting with Team,20:48:48,2024-09-10,23:48:48,2024-09-10,Training on new software and tools.
Board Meeting,20:56:54,2024-11-05,22:56:54,2024-11-05,Presenting project updates to the client.
Team Building Activity,17:18:10,2024-05-10,21:18:10,2024-05-10,Discuss strategic initiatives and business plans.
Team Building Activity,21:16:32,2024-03-12,01:16:32,2024-03-13,Presenting project updates to the client.
Workshop,00:03:07,2024-11-30,01:03:07,2024-11-30,Discuss project updates and assign new tasks.
Training Session,22:38:21,2024-03-27,23:38:21,2024-03-27,Discuss strategic initiatives and business plans.
Networking Event,09:07:43,2024-10-20,10:07:43,2024-10-20,Launch the new product in the market.
Project Deadline,11:54:04,2024-05-13,12:54:04,2024-05-13,Engage in team-building activities.
Team Building Activity,21:45:49,2024-03-28,01:45:49,2024-03-29,Discuss project updates and assign new tasks.
Meeting with Team,14:25:51,2024-06-01,15:25:51,2024-06-01,Launch the new product in the market.
Product Launch,02:27:53,2024-06-01,03:27:53,2024-06-01,Discuss project updates and assign new tasks.
Client Presentation,20:30:27,2024-07-25,23:30:27,2024-07-25,Training on new software and tools.
Meeting with Team,14:21:08,2024-06-12,17:21:08,2024-06-12,Engage in team-building activities.
Workshop,20:56:03,2024-09-29,21:56:03,2024-09-29,Discuss project updates and assign new tasks.
Training Session,13:51:29,2024-10-14,16:51:29,2024-10-14,Attend the workshop on new technologies.
Workshop,07:50:26,2024-05-14,09:50:26,2024-05-14,Discuss project updates and assign new tasks.
Meeting with Team,00:09:19,2024-07-04,03:09:19,2024-07-04,Discuss project updates and assign new tasks.
Training Session,02:25:29,2024-10-03,05:25:29,2024-10-03,Presenting project updates to the client.
Training Session,11:08:37,2024-05-23,15:08:37,2024-05-23,Attend the workshop on new technologies.
Team Building Activity,09:12:53,2024-07-25,10:12:53,2024-07-25,Engage in team-building activities.
Board Meeting,21:48:45,2024-04-10,01:48:45,2024-04-11,Discuss project updates and assign new tasks.
Networking Event,14:39:49,2024-12-02,15:39:49,2024-12-02,Attend the workshop on new technologies.
Client Presentation,07:18:41,2024-03-20,11:18:41,2024-03-20,Final submission of project deliverables.
Board Meeting,20:10:20,2024-03-13,21:10:20,2024-03-13,Training on new software and tools.
Client Presentation,21:27:56,2024-07-26,22:27:56,2024-07-26,Training on new software and tools.
Annual Conference,07:22:40,2024-05-10,10:22:40,2024-05-10,Participate in the annual company conference.
Board Meeting,16:29:08,2024-09-20,20:29:08,2024-09-20,Training on new software and tools.
Annual Conference,23:38:49,2024-03-26,00:38:49,2024-03-27,Launch the new product in the market.
Team Building Activity,21:24:42,2024-08-10,23:24:42,2024-08-10,Network with industry professionals.
Annual Conference,15:36:02,2024-04-23,16:36:02,2024-04-23,Discuss project updates and assign new tasks.
Client Presentation,22:06:55,2024-11-03,02:06:55,2024-11-04,Engage in team-building activities.
Training Session,15:23:34,2024-01-19,19:23:34,2024-01-19,Discuss strategic initiatives and business plans.
Meeting with Team,19:43:54,2024-06-24,22:43:54,2024-06-24,Training on new software and tools.
Project Deadline,21:35:29,2024-04-15,00:35:29,2024-04-16,Launch the new product in the market.
Workshop,01:11:02,2024-12-20,02:11:02,2024-12-20,Discuss strategic initiatives and business plans.
Product Launch,05:12:59,2024-04-24,07:12:59,2024-04-24,Training on new software and tools.
Meeting with Team,15:27:31,2024-06-14,18:27:31,2024-06-14,Discuss project updates and assign new tasks.
Board Meeting,20:09:44,2024-04-11,22:09:44,2024-04-11,Presenting project updates to the client.
Product Launch,03:23:16,2024-04-02,04:23:16,2024-04-02,Training on new software and tools.
Team Building Activity,18:33:14,2024-07-10,22:33:14,2024-07-10,Discuss strategic initiatives and business plans.
Meeting with Team,03:34:45,2024-05-09,07:34:45,2024-05-09,Network with industry professionals.
Training Session,17:40:13,2024-01-11,19:40:13,2024-01-11,Launch the new product in the market.
Client Presentation,22:04:00,2024-10-29,00:04:00,2024-10-30,Presenting project updates to the client.
Training Session,21:09:06,2024-12-26,22:09:06,2024-12-26,Launch the new product in the market.
Product Launch,05:12:02,2024-12-26,08:12:02,2024-12-26,Training on new software and tools.
Team Building Activity,16:39:59,2024-07-10,17:39:59,2024-07-10,Participate in the annual company conference.
Networking Event,00:28:29,2024-11-14,04:28:29,2024-11-14,Engage in team-building activities.
Annual Conference,14:26:47,2024-02-13,17:26:47,2024-02-13,Engage in team-building activities.
Team Building Activity,17:22:17,2024-03-16,19:22:17,2024-03-16,Training on new software and tools.
Product Launch,09:15:42,2024-10-16,10:15:42,2024-10-16,Discuss project updates and assign new tasks.
Board Meeting,12:39:38,2024-02-05,13:39:38,2024-02-05,Engage in team-building activities.
Networking Event,19:24:51,2024-12-07,21:24:51,2024-12-07,Engage in team-building activities.
Meeting with Team,11:36:12,2024-01-31,12:36:12,2024-01-31,Engage in team-building activities.
Board Meeting,11:39:58,2024-06-14,14:39:58,2024-06-14,Discuss strategic initiatives and business plans.
Annual Conference,22:03:35,2024-04-08,23:03:35,2024-04-08,Network with industry professionals.
Annual Conference,13:02:35,2024-10-31,15:02:35,2024-10-31,Discuss project updates and assign new tasks.
Meeting with Team,17:13:40,2024-05-29,18:13:40,2024-05-29,Engage in team-building activities.
Annual Conference,23:19:47,2024-09-18,00:19:47,2024-09-19,Discuss strategic initiatives and business plans.
Board Meeting,20:36:32,2024-10-31,22:36:32,2024-10-31,Engage in team-building activities.
Training Session,22:53:44,2024-02-24,02:53:44,2024-02-25,Participate in the annual company conference.
Workshop,00:27:12,2024-10-25,03:27:12,2024-10-25,Discuss project updates and assign new tasks.
Annual Conference,05:36:05,2024-10-29,08:36:05,2024-10-29,Attend the workshop on new technologies.
Client Presentation,12:35:33,2024-02-03,16:35:33,2024-02-03,Final submission of project deliverables.
Client Presentation,18:42:18,2024-02-10,22:42:18,2024-02-10,Training on new software and tools.
Annual Conference,12:10:58,2024-06-23,13:10:58,2024-06-23,Final submission of project deliverables.
Project Deadline,00:10:11,2024-08-02,03:10:11,2024-08-02,Training on new software and tools.
Board Meeting,23:23:35,2024-05-23,00:23:35,2024-05-24,Final submission of project deliverables.
Workshop,03:15:22,2024-09-06,07:15:22,2024-09-06,Discuss strategic initiatives and business plans.
Workshop,03:35:32,2024-06-18,04:35:32,2024-06-18,Discuss strategic initiatives and business plans.
Project Deadline,19:00:26,2024-03-02,20:00:26,2024-03-02,Launch the new product in the market.
Client Presentation,09:20:40,2024-01-18,11:20:40,2024-01-18,Training on new software and tools.
Board Meeting,22:00:03,2024-03-17,00:00:03,2024-03-18,Launch the new product in the market.
Team Building Activity,12:37:55,2024-02-12,15:37:55,2024-02-12,Attend the workshop on new technologies.
Team Building Activity,06:49:36,2024-08-02,09:49:36,2024-08-02,Final submission of project deliverables.
Product Launch,11:15:42,2024-12-11,14:15:42,2024-12-11,Training on new software and tools.
Networking Event,09:16:29,2024-07-13,12:16:29,2024-07-13,Final submission of project deliverables.
Product Launch,07:34:35,2024-05-14,10:34:35,2024-05-14,Discuss project updates and assign new tasks.
Training Session,20:25:40,2024-09-15,23:25:40,2024-09-15,Launch the new product in the market.
Board Meeting,21:32:40,2024-08-10,22:32:40,2024-08-10,Launch the new product in the market.
Board Meeting,14:59:03,2024-08-02,16:59:03,2024-08-02,Participate in the annual company conference.
Client Presentation,00:24:14,2024-02-23,02:24:14,2024-02-23,Discuss project updates and assign new tasks.
Board Meeting,04:42:35,2024-06-01,06:42:35,2024-06-01,Discuss project updates and assign new tasks.
Client Presentation,07:09:12,2024-11-21,08:09:12,2024-11-21,Discuss project updates and assign new tasks.
Client Presentation,20:22:46,2024-02-16,21:22:46,2024-02-16,Discuss project updates and assign new tasks.
Product Launch,16:56:59,2024-02-15,19:56:59,2024-02-15,Attend the workshop on new technologies.
Annual Conference,11:49:03,2024-07-21,13:49:03,2024-07-21,Network with industry professionals.
Board Meeting,14:11:38,2024-03-01,16:11:38,2024-03-01,Launch the new product in the market.
Product Launch,19:38:01,2024-11-17,23:38:01,2024-11-17,Participate in the annual company conference.
Training Session,06:37:08,2024-09-05,09:37:08,2024-09-05,Launch the new product in the market.
Project Deadline,00:15:12,2024-04-27,04:15:12,2024-04-27,Launch the new product in the market.
Annual Conference,19:15:06,2024-01-31,23:15:06,2024-01-31,Participate in the annual company conference.
Client Presentation,12:45:44,2024-03-15,14:45:44,2024-03-15,Discuss strategic initiatives and business plans.
Board Meeting,20:19:39,2024-07-19,00:19:39,2024-07-20,Final submission of project deliverables.
